데이터키,25-Jan,25-Feb,25-Mar,25-Apr,25-May,25-Jun,25-Jul,25-Aug,25-Sep,25-Oct,25-Nov,25-Dec,26-Jan,26-Feb,26-Mar,26-Apr,26-May,26-Jun,26-Jul
카드_MSRP_값,-,-,-,-,-,-,-,-,-,-,-,-,-,-,-,-,-,-,"2,969"
카드_MSRP_YOY,-,-,-,-,-,-,-,-,-,-,-,-,-,-,-,-,-,-,93%
카드_MSRP_매출비중,-,-,-,-,-,-,-,-,-,-,-,-,-,-,-,-,-,-,100%
카드_MSRP_채널_US홀세일_값,-,-,-,-,-,-,-,-,-,-,-,-,-,-,-,-,-,-,182
카드_MSRP_채널_US홀세일_YOY,-,-,-,-,-,-,-,-,-,-,-,-,-,-,-,-,-,-,83%
카드_MSRP_채널_US홀세일_비중,-,-,-,-,-,-,-,-,-,-,-,-,-,-,-,-,-,-,6%
카드_MSRP_채널_USEC_값,-,-,-,-,-,-,-,-,-,-,-,-,-,-,-,-,-,-,"2,697"
카드_MSRP_채널_USEC_YOY,-,-,-,-,-,-,-,-,-,-,-,-,-,-,-,-,-,-,100%
카드_MSRP_채널_USEC_비중,-,-,-,-,-,-,-,-,-,-,-,-,-,-,-,-,-,-,91%
카드_MSRP_채널_EUEC_값,-,-,-,-,-,-,-,-,-,-,-,-,-,-,-,-,-,-,31
카드_MSRP_채널_EUEC_YOY,-,-,-,-,-,-,-,-,-,-,-,-,-,-,-,-,-,-,20%
카드_MSRP_채널_EUEC_비중,-,-,-,-,-,-,-,-,-,-,-,-,-,-,-,-,-,-,1%
카드_MSRP_채널_라이선스_값,-,-,-,-,-,-,-,-,-,-,-,-,-,-,-,-,-,-,59
카드_MSRP_채널_라이선스_YOY,-,-,-,-,-,-,-,-,-,-,-,-,-,-,-,-,-,-,61%
카드_MSRP_채널_라이선스_비중,-,-,-,-,-,-,-,-,-,-,-,-,-,-,-,-,-,-,2%
카드_MSRP_아이템_26SS_값,-,-,-,-,-,-,-,-,-,-,-,-,-,-,-,-,-,-,"1,321"
카드_MSRP_아이템_26SS_YOY,-,-,-,-,-,-,-,-,-,-,-,-,-,-,-,-,-,-,90%
카드_MSRP_아이템_26SS_비중,-,-,-,-,-,-,-,-,-,-,-,-,-,-,-,-,-,-,45%
카드_MSRP_아이템_25FW_값,-,-,-,-,-,-,-,-,-,-,-,-,-,-,-,-,-,-,706
카드_MSRP_아이템_25FW_YOY,-,-,-,-,-,-,-,-,-,-,-,-,-,-,-,-,-,-,58%
카드_MSRP_아이템_25FW_비중,-,-,-,-,-,-,-,-,-,-,-,-,-,-,-,-,-,-,24%
카드_MSRP_아이템_25SS_값,-,-,-,-,-,-,-,-,-,-,-,-,-,-,-,-,-,-,679
카드_MSRP_아이템_25SS_YOY,-,-,-,-,-,-,-,-,-,-,-,-,-,-,-,-,-,-,417%
카드_MSRP_아이템_25SS_비중,-,-,-,-,-,-,-,-,-,-,-,-,-,-,-,-,-,-,23%
카드_MSRP_아이템_FW과시즌_값,-,-,-,-,-,-,-,-,-,-,-,-,-,-,-,-,-,-,
카드_MSRP_아이템_FW과시즌_YOY,-,-,-,-,-,-,-,-,-,-,-,-,-,-,-,-,-,-,
카드_MSRP_아이템_FW과시즌_비중,-,-,-,-,-,-,-,-,-,-,-,-,-,-,-,-,-,-,
카드_MSRP_아이템_SS과시즌_값,-,-,-,-,-,-,-,-,-,-,-,-,-,-,-,-,-,-,
카드_MSRP_아이템_SS과시즌_YOY,-,-,-,-,-,-,-,-,-,-,-,-,-,-,-,-,-,-,
카드_MSRP_아이템_SS과시즌_비중,-,-,-,-,-,-,-,-,-,-,-,-,-,-,-,-,-,-,
카드_MSRP_아이템_CORE_값,-,-,-,-,-,-,-,-,-,-,-,-,-,-,-,-,-,-,16
카드_MSRP_아이템_CORE_YOY,-,-,-,-,-,-,-,-,-,-,-,-,-,-,-,-,-,-,37%
카드_MSRP_아이템_CORE_비중,-,-,-,-,-,-,-,-,-,-,-,-,-,-,-,-,-,-,1%
카드_MSRP_아이템_26FW_값,-,-,-,-,-,-,-,-,-,-,-,-,-,-,-,-,-,-,73
카드_MSRP_아이템_26FW_YOY,-,-,-,-,-,-,-,-,-,-,-,-,-,-,-,-,-,-,53%
카드_MSRP_아이템_26FW_비중,-,-,-,-,-,-,-,-,-,-,-,-,-,-,-,-,-,-,3%
카드_MSRP_아이템_과시즌_값,-,-,-,-,-,-,-,-,-,-,-,-,-,-,-,-,-,-,115
카드_MSRP_아이템_과시즌_YOY,-,-,-,-,-,-,-,-,-,-,-,-,-,-,-,-,-,-,348%
카드_MSRP_아이템_과시즌_비중,-,-,-,-,-,-,-,-,-,-,-,-,-,-,-,-,-,-,5%
카드_직접비_값,-,-,-,-,-,-,-,-,-,-,-,-,-,-,-,-,-,-,602
카드_직접비_YOY,-,-,-,-,-,-,-,-,-,-,-,-,-,-,-,-,-,-,106%
카드_직접비_직접비율,-,-,-,-,-,-,-,-,-,-,-,-,-,-,-,-,-,-,43.80%
카드_직접비_운반비_값,-,-,-,-,-,-,-,-,-,-,-,-,-,-,-,-,-,-,79
카드_직접비_운반비_YOY,-,-,-,-,-,-,-,-,-,-,-,-,-,-,-,-,-,-,99%
카드_직접비_보관료_값,-,-,-,-,-,-,-,-,-,-,-,-,-,-,-,-,-,-,54
카드_직접비_보관료_YOY,-,-,-,-,-,-,-,-,-,-,-,-,-,-,-,-,-,-,132%
카드_직접비_물류용역비_값,-,-,-,-,-,-,-,-,-,-,-,-,-,-,-,-,-,-,66
카드_직접비_물류용역비_YOY,-,-,-,-,-,-,-,-,-,-,-,-,-,-,-,-,-,-,94%
카드_직접비_지급수수료_값,-,-,-,-,-,-,-,-,-,-,-,-,-,-,-,-,-,-,76
카드_직접비_지급수수료_YOY,-,-,-,-,-,-,-,-,-,-,-,-,-,-,-,-,-,-,91%
카드_직접비_결제수수료_값,-,-,-,-,-,-,-,-,-,-,-,-,-,-,-,-,-,-,54
카드_직접비_결제수수료_YOY,-,-,-,-,-,-,-,-,-,-,-,-,-,-,-,-,-,-,80%
카드_직접비_SEM광고비_값,-,-,-,-,-,-,-,-,-,-,-,-,-,-,-,-,-,-,271
카드_직접비_SEM광고비_YOY,-,-,-,-,-,-,-,-,-,-,-,-,-,-,-,-,-,-,128%
카드_직접비_기타비용_값,-,-,-,-,-,-,-,-,-,-,-,-,-,-,-,-,-,-,0
카드_직접비_기타비용_YOY,-,-,-,-,-,-,-,-,-,-,-,-,-,-,-,-,-,-,0%
카드_실판매출_값,"1,336","1,246","1,817","1,633","1,696","1,700","1,631","1,590","1,695","1,936","3,003","3,535","1,213","1,073","1,217","1,369","1,695","1,344","1,374"
카드_실판매출_YOY,83%,78%,99%,83%,90%,122%,136%,92%,98%,115%,159%,155%,91%,86%,67%,84%,99%,79%,84%
카드_실판매출_매출비중,100%,100%,100%,100%,100%,100%,100%,100%,100%,100%,100%,100%,100%,100%,100%,100%,100%,100%,100%
카드_실판매출_채널_US홀세일_값,89,178,274,210,73,37,63,166,172,202,34,17,6,108,113,132,79,47,122
카드_실판매출_채널_US홀세일_YOY,36%,60%,84%,65%,43%,65%,71%,42%,44%,115%,85%,64%,6%,61%,41%,63%,109%,127%,194%
카드_실판매출_채널_US홀세일_비중,7%,14%,a,13%,4%,2%,4%,10%,10%,10%,1%,0%,0%,10%,9%,10%,5%,3%,9%
카드_실판매출_채널_USEC_값,"1,069",957,"1,373","1,267","1,489","1,559","1,386","1,226","1,396","1,615","2,839","3,327","1,154",934%,"1,032","1,022","1,578","1,218","1,167"
카드_실판매출_채널_USEC_YOY,93%,99%,83%,80%,81%,93%,123%,96%,99%,85%,174%,170%,108%,98%,75%,81%,106%,78%,84%
카드_실판매출_채널_USEC_비중,80%,77%,76%,78%,88%,92%,85%,77%,82%,83%,95%,94%,95%,87%,85%,75%,93%,91%,85%
카드_실판매출_채널_EUEC_값,90,65,87,94,83,69,87,42,30,48,54,70,52,25%,25,32,33,35,26
카드_실판매출_채널_EUEC_YOY,60%,53%,52%,46%,47%,53%,70%,36%,18%,32%,34%,40%,59%,39%,29%,34%,39%,51%,30%
카드_실판매출_채널_EUEC_비중,7%,5%,5%,6%,5%,4%,5%,3%,2%,2%,2%,2%,4%,2%,2%,2%,2%,3%,2%
카드_실판매출_채널_라이선스_값,89,46,83,62,51,34,96,155,97,70,77,121,0,0%,47,182,5,44,57
카드_실판매출_채널_라이선스_YOY,156%,47%,146%,59%,22%,61%,80%,150%,106%,70%,125%,107%,0%,0%,48%,294%,10%,117%,59%
카드_실판매출_채널_라이선스_비중,7%,4%,5%,4%,3%,2%,6%,10%,6%,4%,3%,3%,0%,0%,4%,13%,0%,3%,4%
카드_실판매출_아이템_26SS_값,0,0,0,0,0,0,0,0,0,0,0,0,52,331,414,510,734,754,693
카드_실판매출_아이템_26SS_YOY,0%,0%,0%,0%,0%,0%,0%,0%,0%,0%,0%,0%,26%,82%,48%,50%,58%,56%,75%
카드_실판매출_아이템_26SS_비중,0%,0%,0%,0%,0%,0%,0%,0%,0%,0%,0%,0%,4%,31%,35%,43%,43%,58%,53%
카드_실판매출_아이템_25FW_값,0,0,0,0,0,0,100,287,421,617,"1,305","1,690",704,533,559,456,560,313,293
카드_실판매출_아이템_25FW_YOY,0%,0%,0%,0%,0%,0%,48%,40%,45%,67%,110%,106%,89%,81%,85%,122%,199%,152%,67%
카드_실판매출_아이템_25FW_비중,0%,0%,0%,0%,0%,0%,7%,20%,26%,33%,45%,50%,58%,50%,48%,38%,33%,24%,22%
카드_실판매출_아이템_25SS_값,201,403,921,"1,002","1,219","1,306",871,797,814,852,"1,054",800,350,126,107,149,284,176,229
카드_실판매출_아이템_25SS_YOY,48%,59%,88%,78%,101%,121%,133%,118%,162%,208%,329%,869%,192%,252%,173%,234%,380%,269%,360%
카드_실판매출_아이템_25SS_비중,16%,34%,53%,64%,74%,78%,57%,56%,51%,46%,36%,23%,29%,12%,9%,13%,17%,14%,17%
카드_실판매출_아이템_FW과시즌_값,870,702,719,475,337,284,485,252,213,220,174,195,88,41,46,38,50,23,
카드_실판매출_아이템_FW과시즌_YOY,128%,104%,125%,105%,94%,142%,291%,186%,226%,201%,371%,674%,629%,458%,511%,139%,1061%,598%,
카드_실판매출_아이템_FW과시즌_비중,70%,59%,41%,30%,20%,17%,32%,18%,13%,12%,6%,6%,7%,4%,4%,3%,3%,2%,
카드_실판매출_아이템_SS과시즌_값,75,56,67,72,78,71,69,48,62,73,29,19,16,6,8,6,7,4,
카드_실판매출_아이템_SS과시즌_YOY,199%,136%,135%,119%,264%,658%,925%,136%,727%,1063%,454%,14%,320%,102%,160%,22%,1371%,1688%,
카드_실판매출_아이템_SS과시즌_비중,6%,5%,4%,5%,5%,4%,5%,3%,4%,4%,1%,1%,1%,1%,1%,1%,0%,0%,
카드_실판매출_아이템_CORE_값,101,38,26,22,11,4,9,51,87,103,364,711,54,33,36,25,59,27,17
카드_실판매출_아이템_CORE_YOY,25%,27%,24%,29%,5%,9%,22%,78%,90%,74%,155%,266%,57%,51%,60%,53%,115%,55%,44%
카드_실판매출_아이템_CORE_비중,8%,3%,2%,1%,1%,0%,1%,4%,5%,6%,12%,21%,4%,3%,3%,2%,4%,2%,1%
카드_실판매출_아이템_26FW_값,-,-,-,-,-,-,-,-,-,-,-,-,-,-,-,-,-,-,37
카드_실판매출_아이템_26FW_YOY,-,-,-,-,-,-,-,-,-,-,-,-,-,-,-,-,-,-,58%
카드_실판매출_아이템_26FW_비중,-,-,-,-,-,-,-,-,-,-,-,-,-,-,-,-,-,-,3%
카드_실판매출_아이템_과시즌_값,-,-,-,-,-,-,-,-,-,-,-,-,-,-,-,-,-,-,46
카드_실판매출_아이템_과시즌_YOY,-,-,-,-,-,-,-,-,-,-,-,-,-,-,-,-,-,-,325%
카드_실판매출_아이템_과시즌_비중,-,-,-,-,-,-,-,-,-,-,-,-,-,-,-,-,-,-,3%
카드_직접이익_값,474,415,688,506,560,563,412,365,274,255,584,95,-21,232,367,383,276,96,137
카드_직접이익_YOY,90%,99%,94%,95%,87%,91%,113%,95%,123%,156%,88%,10%,적자,56%,53%,76%,49%,17%,33%
카드_직접이익_이익률,35.50%,33.30%,37.90%,31.00%,33.00%,33.10%,25.20%,23.00%,16.20%,13.20%,19.50%,2.70%,적자,21.60%,30.20%,39%,16.30%,7.10%,10.00%
카드_직접이익_채널_US홀세일_값,38,82,128,94,10,-11,9,66,57,60,-4,-6,-8,50,58,60,23,9,30
카드_직접이익_채널_US홀세일_YOY,38%,60%,87%,64%,25%,829%,32%,34%,30%,93%,적자,적자,적자,62%,46%,65%,230%,흑자전환,333%
카드_직접이익_채널_US홀세일_이익율,43.00%,46.00%,47.00%,45.00%,14.00%,-30.00%,15.00%,40.00%,33.00%,30.00%,적자,적자,적자,46.80%,51.70%,45.90%,29.10%,19.90%,24.50%
카드_직접이익_채널_USEC_값,273,252,381,336,505,524,278,218,119,113,513,-29,-23,181,284,130,244,34,43
카드_직접이익_채널_USEC_YOY,72%,68%,86%,78%,157%,147%,150%,87%,39%,26%,86%,적자,적자,72%,75%,39%,48%,6%,16%
카드_직접이익_채널_USEC_이익율,26.00%,26.00%,28.00%,26.00%,34.00%,34.00%,20.00%,18.00%,9.00%,7.00%,18.10%,적자,적자,19.40%,27.50%,13%,19.10%,2.80%,3.70%
카드_직접이익_채널_EUEC_값,21,-11,1,14,-7,17,29,10,2,12,-1,9,10,-5,-22,8,3,8,6
카드_직접이익_채널_EUEC_YOY,44%,-39%,4%,17%,-13%,43%,176%,57%,7%,154%,적자,34%,48%,적자,적자,57%,흑자전환,49,21%
카드_직접이익_채널_EUEC_이익율,23.00%,-17.00%,1.00%,15.00%,-8.00%,24.00%,33.00%,23.00%,5.00%,25.00%,적자,12%,19.60%,적자,적자,27.40%,9.40%,23.30%,22.80%
카드_직접이익_채널_라이선스_값,89,46,83,62,51,34,96,52,92,62,77,120,0,0,47,182,5,44,57
카드_직접이익_채널_라이선스_YOY,156%,81%,146%,59%,92%,61%,80%,50%,100%,62%,125%,106%,0%,0%,57%,298%,10%,117%,59%
카드_직접이익_채널_라이선스_이익율,100.00%,100.00%,100.00%,100.00%,100.00%,100.00%,100.00%,100.00%,100.00%,100.00%,100.00%,100%,0.00%,0.00%,100.00%,100%,100.00%,100.00%,100%
카드_직접이익_직접이익YTD_US홀세일_값,38,120,248,343,353,342,351,417,474,533,529,523,-8,42,100,161,185,194,224
카드_직접이익_직접이익YTD_US홀세일_비중,38%,51%,65%,64%,62%,60%,58%,52%,48%,51%,50%,51%,적자,35%,40%,47%,52%,56%,63%
카드_직접이익_직접이익YTD_US홀세일_변동,,,,,,,,,,,-7.0%p,-6.1%p,-169.0%p,+0.6%p,-2.0%p,-1.0%p,-1.0%p,0.0%p,-1.4%p
카드_직접이익_직접이익YTD_US홀세일_이익율,43.00%,46.00%,47.00%,45.00%,14.00%,-30.00%,15.00%,40.00%,33.00%,36.40%,35.30%,34.50%,-143%,37.20%,44.40%,44.90%,42.20%,40.00%,36.90%
카드_직접이익_직접이익YTD_USEC_값,273,525,906,"1,241","1,746","2,270","2,547","2,765","2,885","2,997","3,500","3,471",-23,158,442,572,817,851,894
카드_직접이익_직접이익YTD_USEC_비중,72%,70%,76%,77%,90%,99%,103%,101%,95%,86%,86%,71%,적자,30%,49%,46%,47%,37%,35%
카드_직접이익_직접이익YTD_USEC_변동,,,,,,,,,,,-9.0%p,-14.0%p,-27.7%p,-18.4%p,-12.5%p,-12.8%p,-14.1%p,-17.2%p,-17.1%p
카드_직접이익_직접이익YTD_USEC_이익율,26.00%,26.00%,28.00%,26.00%,34.00%,34.00%,20.00%,18.00%,9.00%,22.47%,21.60%,17.80%,-2%,7.60%,14.20%,13.80%,14.30%,12.30%,11.00%
카드_직접이익_직접이익YTD_EUEC_값,21,10,11,25,18,35,64,73,75,87,86,95,10,5,-17,-8,-5,4,9
카드_직접이익_직접이익YTD_EUEC_비중,44%,13%,11%,14%,8%,13%,22%,24%,23%,24%,22%,23%,49%,54%,적자,적자,적자,10%,15.00%
카드_직접이익_직접이익YTD_EUEC_변동,,,,,,,,,,,-11.8%p,-10.9%p,-3.9%p,+0.4%p,-20.7%p,-31.3%p,-7.1%p,-5.0%p,-6.9%p
카드_직접이익_직접이익YTD_EUEC_이익율,23.00%,-17.00%,1.00%,15.00%,-8.00%,24.00%,33.00%,23.00%,5.00%,11.59%,11.50%,11.60%,20%,6.90%,적자,적자,적자,1.80%,4.20%
카드_직접이익_직접이익YTD_라이선스_값,89,135,218,280,331,365,462,514,606,668,745,865,0,0,51,233,238,282,340
카드_직접이익_직접이익YTD_라이선스_비중,156%,118%,128%,102%,100%,95%,91%,84%,86%,83%,85%,85%,0%,0%,24%,50%,46%,51%,52%
카드_직접이익_직접이익YTD_라이선스_변동,+0.0p%,+0.0p%,+0.0p%,+0.0p%,+0.0p%,+0.0p%,+0.0p%,+0.0p%,+0.0p%,+0.0p%,+0.0p%,+0.0p%,+0.0p%,+0.0p%,+0.0p%,+0.0p%,0%p,0%p,0%p
카드_직접이익_직접이익YTD_라이선스_이익율,100.00%,100.00%,100.00%,100.00%,100.00%,100.00%,100.00%,100.00%,100.00%,100.00%,100.00%,100.00%,0.00%,0.00%,100.00%,100.00%,100.00%,100.00%,100.00%
카드_영업비_값,632,524,693,566,547,633,630,602,534,643,538,573,575,500,391,703,459,700,551
카드_영업비_YOY,129%,110%,257%,106%,96%,137%,91%,98%,93%,97%,74%,57%,91%,95%,57%,124%,84%,111%,87%
카드_영업비_영업비율,47%,42%,38%,35%,32%,37%,39%,38%,31%,33%,18%,16%,48%,47%,32%,51%,33%,52%,40.20%
카드_영업비_인건비_값,381,321,365,362,214,374,412,339,342,361,315,351,321,311,320,538,318,329,342
카드_영업비_인건비_YOY,100%,103%,394%,105%,63%,125%,99%,91%,79%,86%,74%,95%,84%,97%,88%,149%,81%,88%,83%
카드_영업비_인건비_급여_값,319,270,287,290,305,296,339,301,287,298,264,297,262,258%,270,290,263,275,286
카드_영업비_인건비_급여_YOY,117%,124%,110%,112%,113%,138%,105%,108%,100%,92%,79%,96%,82%,96%,94%,100%,86%,93%,84%
카드_영업비_인건비_보험복지_값,61,51,79,71,89,78,73,38,56,63,52,54,59,52%,49,248,54,54,56
카드_영업비_인건비_보험복지_YOY,103%,111%,109%,154%,185%,169%,140%,71%,104%,118%,101%,94%,97%,104%,63%,348%,61%,70%,78%
카드_영업비_광고선전비_값,118,70,122,54,60,87,78,88,77,62,113,108,51,80%,15,13,14,102,20
카드_영업비_광고선전비_YOY,0%,1011%,248%,140%,87%,109%,100%,136%,156%,87%,125%,93%,43%,114%,13%,26%,23%,117%,26%
카드_영업비_지급수수료_값,53,82,57,90,218,112,90,118,105,121,62,162,150,37%,67,82,60,96,124
카드_영업비_지급수수료_YOY,71%,147%,35%,119%,407%,226%,61%,178%,205%,112%,42%,128%,283%,45%,119%,93%,28%,86%,138%
카드_영업비_식대출장비_값,5,5,24,5,12,1,1,1,1,2,4,7,4,2%,5,16,4,4,3
카드_영업비_식대출장비_YOY,58%,54%,121%,56%,132%,25%,12%,6%,19%,58%,16%,54%,80%,43%,20%,353%,35%,345%,300%
카드_영업비_임차료_값,25,25,25,25,25,25,25,25,25,25,25,24,25,25,24,24,24,24,24
카드_영업비_임차료_YOY,73%,73%,73%,73%,73%,-112%,100%,100%,100%,100%,100%,100%,100%,100%,100%,100%,100%,100%,100%
카드_영업비_샘플비개발비_값,38,5,3,19,2,5,5,2,10,57,1,4,2,25,1,3,7,1,4
카드_영업비_샘플비개발비_YOY,563%,12%,1022%,1677%,11%,33%,91%,6%,713%,328%,14%,51%,5%,489%,19%,16%,318%,23%,80%
카드_영업비_감가상각비_값,4,4,0,5,4,4,4,4,4,4,4,4,4,6,7,8,7,7,8
카드_영업비_감가상각비_YOY,118%,118%,-7%,145%,100%,101%,100%,97%,97%,96%,91%,91%,100%,157%,100%,100%,100%,100%,200%
카드_영업비_기타비용_값,8,12,97,7,11,25,15,26,-30,12,15,-88,17,12,-48,15,23,136,28
카드_영업비_기타비용_YOY,-217%,112%,-104%,25%,29%,76%,122%,99%,-799%,86%,101%,환입,213%,101%,-50%,223%,213%,550%,187%
카드_할인율_값,39.40%,44.80%,40.40%,36.60%,34.60%,38.10%,48.90%,49.80%,50.20%,52.30%,61.20%,57.10%,52.10%,42.50%,41.60%,43.20%,52.40%,49.20%,54.80%
카드_할인율_YOY,+7.2%p,+2.9%p,+5.1%p,-1.0%p,-4.1%p,-1.6%p,+11.2%p,+3.0%p,+6.3%p,+10.9%p,+19.5%p,+17.6%p,+12.7%p,-3.2%p,+0.1%p,+6.4%p,+17.3%p,+11.0%p,+4.7%p
카드_할인율_채널_US홀세일_값,65.00%,60.50%,58.30%,58.80%,69.10%,77.60%,71.60%,65.00%,58.90%,64.20%,71.20%,74.30%,72.10%,61.20%,59.50%,59.00%,62.20%,69.30%,33.20%
카드_할인율_채널_US홀세일_YOY,+5.8%p,+1.2%p,-2.3%p,-1.8%p,+2.3%p,+7.6%p,+8.3%p,+6.4%p,-0.1%p,+1.6%p,+28.9%p,-11.6%p,+7.0%p,+0.7%p,+1.2%p,+0.2%p,-6.9%p,-8.3%p,-38.3%p
카드_할인율_채널_USEC_값,38.30%,41.70%,36.50%,32.20%,31.80%,35.90%,48.80%,50.10%,49.00%,50.50%,61.10%,56.80%,51.80%,37.90%,39.10%,40.80%,51.90%,48.40%,56.70%
카드_할인율_채널_USEC_YOY,+13.8%p,+3.0%p,+8.5%p,-1.4%p,-6.4%p,-3.4%p,+10.3%p,+5.0%p,+11.0%p,+11.8%p,+18.7%p,+18.7%p,+13.5%p,-3.8%p,+2.6%p,+9.0%p,+20.6%p,+13.0%p,+7.8%p
카드_할인율_채널_EUEC_값,30.70%,45.30%,40.30%,31.70%,32.00%,39.50%,49.40%,44.20%,42.80%,41.70%,63.10%,64.10%,57.40%,65.40%,20.10%,19.20%,45.70%,18.70%,13.60%
카드_할인율_채널_EUEC_YOY,+14.2%p,+22.4%p,+39.7%p,+22.8%p,+13.9%p,+15.8%p,+28.5%p,+16.8%p,+19.8%p,+14.8%p,+41.7%p,+42.4%p,+26.7%p,+20.1%p,-20.2%p,-0.5%p,+11.5%p,-19.1%p,-30.0%p
카드_할인율_아이템_26SS_값,0.00%,0.00%,0.00%,0.00%,0.00%,0.00%,0.00%,0.00%,0.00%,0.00%,0.00%,0.00%,3.80%,2.30%,-4.40%,-0.70%,27.90%,32.60%,45.90%
카드_할인율_아이템_26SS_YOY,0.0%p,0.0%p,0.0%p,0.0%p,0.0%p,0.0%p,0.0%p,0.0%p,0.0%p,0.0%p,0.0%p,0.0%p,-0.9%p,-3.0%p,-11.3%p,-12.8%p,+3.8%p,-0.9%p,+9.8%p
카드_할인율_아이템_25FW_값,0.00%,0.00%,0.00%,0.00%,0.00%,0.00%,4.20%,6.50%,11.60%,11.00%,47.20%,49.30%,44.50%,33.90%,45.90%,48.70%,56.60%,54.10%,60.10%
카드_할인율_아이템_25FW_YOY,-2.5%p,-3.0%p,-16.7%p,-21.9%p,-8.0%p,-10.3%p,+0.1%p,+0.1%p,+0.9%p,-9.4%p,+13.9%p,+10.5%p,+0.5%p,-16.0%p,-6.4%p,-2.6%p,+7.7%p,+4.4%p,-5.5%p
카드_할인율_아이템_25SS_값,4.70%,5.20%,6.90%,16.40%,27.80%,35.90%,37.90%,48.50%,54.70%,59.50%,71.40%,70.90%,58.10%,67.10%,52.80%,62.90%,68.80%,68.90%,75.30%
카드_할인율_아이템_25SS_YOY,-1.6%p,-0.4%p,+1.1%p,-5.8%p,+1.1%p,-1.8%p,-0.7%p,-2.4%p,+0.2%p,-0.4%p,+5.4%p,+5.8%p,-8.9%p,+0.1%p,-15.2%p,+3.3%p,+14.3%p,+15.4%p,+13.0%p
카드_할인율_아이템_FW과시즌_값,44.00%,49.90%,52.30%,52.90%,50.70%,51.30%,66.00%,69.80%,68.20%,70.30%,73.70%,71.30%,66.30%,63.10%,64.90%,68.80%,68.90%,69.70%,
카드_할인율_아이템_FW과시즌_YOY,+0.4%p,+0.4%p,+7.7%p,+1.7%p,-10.1%p,-11.8%p,+4.2%p,+7.5%p,+4.5%p,+5.1%p,+3.3%p,+1.9%p,-1.2%p,-1.4%p,+1.4%p,+2.5%p,+1.0%p,+7.3%p,
카드_할인율_아이템_SS과시즌_값,66.90%,66.90%,68.00%,60.30%,56.00%,54.30%,62.50%,51.60%,49.60%,55.20%,60.50%,73.40%,62.90%,64.20%,69.90%,66.20%,72.60%,70.90%,
카드_할인율_아이템_SS과시즌_YOY,-0.4%p,+0.9%p,+8.7%p,+3.1%p,-8.9%p,-4.2%p,+2.0%p,-19.3%p,-13.9%p,-8.3%p,+6.1%p,+38.8%p,+12.6%p,+11.1%p,+9.6%p,-4.6%p,+2.9%p,+8.6%p,
카드_할인율_아이템_CORE_값,15.50%,7.20%,7.90%,11.60%,5.50%,15.50%,11.80%,28.60%,22.70%,12.20%,47.50%,45.10%,32.90%,-18.10%,-4.50%,-4.70%,-1.40%,-6.80%,-6.40%
카드_할인율_아이템_CORE_YOY,-20.8%p,-23.5%p,-15.3%p,-14.5%p,-24.7%p,-21.6%p,-26.2%p,-9.0%p,-7.3%p,-11.9%p,+18.5%p,+22.2%p,+17.4%p,-25.3%p,-12.5%p,-10.5%p,-3.9%p,-11.1%p,-13.7%p
카드_할인율_아이템_26FW_값,-,-,-,-,-,-,-,-,-,-,-,-,-,-,-,-,-,-,4.70%
카드_할인율_아이템_26FW_YOY,-,-,-,-,-,-,-,-,-,-,-,-,-,-,-,-,-,-,+1.8%p
카드_할인율_아이템_과시즌_값,-,-,-,-,-,-,-,-,-,-,-,-,-,-,-,-,-,-,75.80%
카드_할인율_아이템_과시즌_YOY,-,-,-,-,-,-,-,-,-,-,-,-,-,-,-,-,-,-,+13.6%p
카드_당시즌판매율_값,0.50%,1.60%,4.70%,8.90%,15.90%,24.70%,0.20%,0.80%,2.30%,4.60%,17.10%,34.00%,39.70%,1.10%,3.10%,6.10%,12.20%,19.20%,39.30%
카드_당시즌판매율_전년비교,2.00%,6.20%,14.10%,26.70%,41.40%,58.40%,1.30%,4.10%,9.00%,16.50%,30.40%,51.00%,61.30%,1.80%,3.90%,7.10%,11.70%,17.80%,34.20%
카드_당시즌판매율_YOY,-1.40%,-4.70%,-9.40%,-17.90%,-25.50%,-33.70%,-1.10%,-3.20%,-6.70%,-11.80%,-13.30%,-17.00%,-21.60%,-0.70%,-0.80%,-1.00%,0.50%,1.40%,5.10%
카드_당시즌판매율_발주YOY,,,,,,,,,,,,,,,,,48%,48%,48%
카드_당시즌판매율_판매YOY,,,,,,,,,,,,,,,,,51%,,55%
카드_당시즌판매율_아이템_트랙자켓_값,"5,851","5,851","5,851","5,851","5,851","5,851","8,404","8,404","8,404","8,404","8,404","8,404","8,404","3,330","3,330","3,330","3,330","3,330","3,076"
카드_당시즌판매율_아이템_트랙자켓_비중,216.00%,216.00%,216.00%,216.00%,216.00%,216.00%,226.00%,226.00%,226.00%,226.00%,226.00%,226.00%,226.00%,43.00%,43.00%,43.00%,43.00%,20.00%,20.00%
카드_당시즌판매율_아이템_트랙자켓_비율,0.50%,1.50%,3.30%,5.40%,8.00%,10.40%,0.10%,0.40%,1.50%,3.30%,14.80%,14.80%,19.10%,2.20%,4.80%,8.00%,12.10%,19.50%,39.00%
카드_당시즌판매율_아이템_트랙팬츠_값,"4,937","4,937","4,937","4,937","4,937","4,937","6,407","6,407","6,407","6,407","6,407","6,407","6,407","2,133","2,133","2,133","2,133","2,133","2,087"
카드_당시즌판매율_아이템_트랙팬츠_비중,225.00%,225.00%,225.00%,225.00%,225.00%,225.00%,219.00%,219.00%,219.00%,219.00%,219.00%,219.00%,219.00%,33.00%,33.00%,33.00%,33.00%,33.00%,12.00%
카드_당시즌판매율_아이템_트랙팬츠_비율,0.50%,1.50%,3.30%,5.40%,8.00%,10.40%,0.10%,0.70%,2.40%,5.20%,18.00%,18.00%,22.50%,2.90%,6.40%,10.10%,14.50%,21.00%,42.90%
카드_당시즌판매율_아이템_아이템3_이름,아이템3,아이템3,아이템3,아이템3,아이템3,아이템3,아이템3,아이템3,아이템3,아이템3,아이템3,아이템3,아이템3,아이템3,아이템3,아이템3,SHORTS,SHORTS,SHORTS
카드_당시즌판매율_아이템_아이템3_값,,,,,,,,,,,,,,,,,"2,782","2,782","2,951"
카드_당시즌판매율_아이템_아이템3_비중,,,,,,,,,,,,,,,,,122%,122%,62%
카드_당시즌판매율_아이템_아이템3_비율,,,,,,,,,,,,,,,,,11.10%,20.70%,44.40%
카드_당시즌판매율_아이템_아이템3_전년,,,,,,,,,,,,,,,,,10.50%,26.80%,50.70%
카드_당시즌판매율_아이템_아이템4_이름,아이템4,아이템4,아이템4,아이템4,아이템4,아이템4,아이템4,아이템4,아이템4,아이템4,아이템4,아이템4,아이템4,아이템4,아이템4,아이템4,T-SHIRT,T-SHIRT,T-SHIRT
카드_당시즌판매율_아이템_아이템4_값,,,,,,,,,,,,,,,,,"1,667","1,667","1,671"
카드_당시즌판매율_아이템_아이템4_비중,,,,,,,,,,,,,,,,,75%,75%,70%
카드_당시즌판매율_아이템_아이템4_비율,,,,,,,,,,,,,,,,,10.90%,15.00%,31.70%
카드_당시즌판매율_아이템_아이템4_전년,,,,,,,,,,,,,,,,,11.40%,21.70%,41.10%
카드_당시즌판매율_아이템_아이템5_이름,아이템5,아이템5,아이템5,아이템5,아이템5,아이템5,아이템5,아이템5,아이템5,아이템5,아이템5,아이템5,아이템5,아이템5,아이템5,아이템5,POLO,POLO,POLO
카드_당시즌판매율_아이템_아이템5_값,,,,,,,,,,,,,,,,,"1,556","1,556","1,335"
카드_당시즌판매율_아이템_아이템5_비중,,,,,,,,,,,,,,,,,81%,81%,40%
카드_당시즌판매율_아이템_아이템5_비율,,,,,,,,,,,,,,,,,10.50%,33.20%,58.70%
카드_당시즌판매율_아이템_아이템5_전년,,,,,,,,,,,,,,,,,9.90%,36.60%,58.00%
카드_당시즌판매율_아이템_전체발주_값,"22,091","22,091","22,091","22,091","22,091","22,091","19,440","19,440","19,440","19,440","19,440","19,440","19,440","14,601","14,601","14,601","14,601","14,601","14,498"
카드_당시즌판매율_아이템_전체발주_비중,237.00%,237.00%,237.00%,237.00%,237.00%,237.00%,161.90%,161.90%,161.90%,161.90%,161.90%,161.90%,161.90%,49.20%,49.20%,49.20%,49.20%,49.20%,48.00%
카드_당시즌판매율_아이템_전체발주_비율,0.50%,1.50%,3.30%,5.40%,8.00%,10.40%,0.10%,0.60%,2.00%,4.60%,17.10%,17.10%,19.70%,1.10%,3.10%,6.10%,12.20%,19.20%,39.30%
카드_당시즌판매율_아이템_트랙자켓_전년,0.00%,0.00%,0.00%,0.00%,0.00%,0.00%,0.00%,0.00%,0.00%,0.00%,30.79%,30.80%,43.20%,1.80%,3.90%,6.70%,9.20%,11.20%,23.30%
카드_당시즌판매율_아이템_트랙팬츠_전년,0.00%,0.00%,0.00%,0.00%,0.00%,0.00%,0.00%,0.00%,0.00%,0.00%,30.50%,30.50%,43.00%,1.90%,4.00%,6.70%,8.90%,12.80%,24.80%
카드_당시즌판매율_아이템_전체발주_전년,0.00%,0.00%,0.00%,0.00%,0.00%,0.00%,0.00%,0.00%,0.00%,0.00%,30.40%,30.40%,43.00%,1.20%,3.70%,7.10%,11.70%,17.80%,34.20%
카드_당시즌MU_값,5.3,5.3,5.3,5.3,5.3,5.3,4.6,4.6,4.6,4.6,4.6,4.6,4.6,5.4,5.4,5.4,5.4,5.4,5.1
카드_당시즌MU_전년비교,-0.1,-0.1,-0.1,-0.1,-0.1,-0.1,-0.5,-0.5,-0.5,-0.5,-0.5,-0.5,-0.5,0.1,0.1,0.1,0.1,0.1,0.1
카드_당시즌MU_YOY,98%,98%,98%,98%,98%,98%,90%,90%,90%,90%,90%,90%,90%,102%,102%,102%,102%,102%,102%
카드_당시즌MU_아이템_TrackJacket_값,5.5,5.5,5.5,5.5,5.5,5.5,4.6,4.6,4.6,4.6,4.6,4.6,4.6,5.3,5.3,5.3,5.3,5.3,5.5
카드_당시즌MU_아이템_TrackJacket_전년,5.5,5.5,5.5,5.5,5.5,5.5,5.2,5.2,5.2,5.2,5.2,5.2,5.2,5.5,5.5,5.5,5.5,5.5,4.9
카드_당시즌MU_아이템_TrackPant_값,5.6,5.6,5.6,5.6,5.6,5.6,4.6,4.6,4.6,4.6,4.6,4.6,4.6,5.9,5.9,5.9,5.9,5.9,5.3
카드_당시즌MU_아이템_TrackPant_전년,5.7,5.7,5.7,5.7,5.7,5.7,5.2,5.2,5.2,5.2,5.2,5.2,5.2,5.5,5.5,5.5,5.5,5.5,5.2
카드_당시즌MU_아이템_Knitwear_값,4.8,4.8,4.8,4.8,4.8,4.8,5.3,5.3,5.3,5.3,5.3,5.3,5.3,4.8,4.8,4.8,4.8,4.8,4.8
카드_당시즌MU_아이템_Knitwear_전년,4.7,4.7,4.7,4.7,4.7,4.7,4.6,4.6,4.6,4.6,4.6,4.6,4.6,4.8,4.8,4.8,4.8,4.8,4.9
카드_당시즌MU_아이템_T-Shirt_값,5.8,5.8,5.8,5.8,5.8,5.8,5.2,5.2,5.2,5.2,5.2,5.2,5.2,5.6,5.6,5.6,5.6,5.6,5.2
카드_당시즌MU_아이템_T-Shirt_전년,5.9,5.9,5.9,5.9,5.9,5.9,5.1,5.1,5.1,5.1,5.1,5.1,5.1,5.8,5.8,5.8,5.8,5.8,5.8
카드_당시즌MU_아이템_Short_값,5,5,5,5,5,5,4.3,4.3,4.3,4.3,4.3,4.3,4.3,5.5,5.5,5.5,5.5,5.5,5
카드_당시즌MU_아이템_Short_전년,5.2,5.2,5.2,5.2,5.2,5.2,4.8,4.8,4.8,4.8,4.8,4.8,4.8,5.1,5.1,5.1,5.1,5.1,4.7
카드_기말재고_아이템_SS차기당시즌_값,,,,,,,,,,,,,"1,096","9,626","13,041","12,675","11,708","10,309","9,149"
카드_기말재고_아이템_SS차기시즌_전년,,,,,,,,,,,,,"14%[-6,623]"," 45% [-11,862]"," 58% [-9,486]"," 52% [-11,495]"," 52% [-10,729]","51%   [-10,076]","48%   [-9,716]"
카드_기말재고_아이템_FW당시즌_값,0,0,126,125,149,449,"7,933","15,436","20,417","19,602","17,107","13,830","12,868","15,112","14,028","13,177","12,617","11,061","10,804"
카드_기말재고_아이템_FW당시즌_전년,,,,,,632%[+377],75%[-2644],113%[+1776],154%[+7159],150%[+6534],154%[+5999],"157%[+5,016]","169%[+5,273]"," 201% [+7,588]"," 202% [+7,099]"," 268% [8,269]"," 219% [6,863]","196%   [5,407]","257%   [+6,598]"
카드_기말재고_아이템_SS당시즌_값,"7,721","21,488","22,527","24,170","22,346","20,321","18,817","17,097","15,457","13,185","9,610","6,766","5,547","5,185","5,068","4,734","3,988","3,240","2,326"
카드_기말재고_아이템_SS당시즌_전년,87%[-1154],156%[+7714],187%[+10480],238%[+14015],268%[+14008],302%[+13592],328%[+13080],395%[+12769],446%[+11991],494%[+10516],409%[+7260],"508%[+5,434]","483%[+4,399]"," 563% [+4,264]"," 569% [+4,176]", 409% [+3576]," 371% [+2,914]","345%   [2,300]","299%   [+1,548]"
카드_기말재고_아이템_FW과시즌_값,"8,209","6,283","5,936","5,320","4,920","4,615","3,781","2,964","2,601","2,197","1,831","1,221",849,"1,072",952,862,579,624,
카드_기말재고_아이템_FW과시즌_전년,122%[+1480],135%[+1629],183%[+2692],191%[+2535],250%[+2952],282%[+2978],249%[+2263],248%[+1769],241%[+1522],235%[+1262],171%[+760],187%[+568],138%[+236], 192% [+513], 172% [+397], 161% [+325], 111% [+59],125%   [123],
카드_기말재고_아이템_SS과시즌_값,"1,234",925,887,"1,224","1,064",927,764,638,532,375,415,277,204,208,181,155,109,120,
카드_기말재고_아이템_SS과시즌_전년,110%[+112],210%[+485],121%[+154],561%[+1006],794%[+930],806%[+812],344%[+542],491%[+508],463%[+417],338%[+264],324%[+287],295%[+183],237%[+118], 259% [+128], 251% [+110], 236% [+89], 188% [+51],235%   [69],
카드_기말재고_아이템_CORE_값,896,"1,409","1,406","1,585","1,546","1,500","1,697","2,082","2,880","3,418","2,113","1,033",584,637,610,635,812,713,602
카드_기말재고_아이템_CORE_전년,84%[-171],187%[+656],255%[+855],330%[+1105],414%[+1173],505%[+1203],290%[+1112],454%[+1623],254%[+1746],253%[+2067],162%[+809],104%[+37],65%[-312], 45% [-772], 43% [-796], 40% [-950], 53% [-734],48%   [-786],"35%   [-1,111]"
카드_기말재고_아이템_26FW_값,-,-,-,-,-,-,-,-,-,-,-,-,-,-,-,-,-,-,"5,419"
카드_기말재고_아이템_26FW_전년,-,-,-,-,-,-,-,-,-,-,-,-,-,-,-,-,-,-,"68%   [-2,514]"
카드_기말재고_아이템_과시즌_값,-,-,-,-,-,-,-,-,-,-,-,-,-,-,-,-,-,-,"1,588"
카드_기말재고_아이템_과시즌_전년,-,-,-,-,-,-,-,-,-,-,-,-,-,-,-,-,-,-,"306%   [+1,069]"
카드_기말재고_값,"18,060","30,105","30,882","32,423","30,025","27,812","32,991","38,217","41,887","38,777","31,076","23,133","21,148","31,839","33,880","32,237","29,813","26,067","29,888"
카드_기말재고_전년비교,247,"10,442","14,302","18,791","19,193","18,963","14,406","18,451","22,800","20,678","15,640","12,658","18,059","31,981","32,507","32,423","31,389","29,037","33,999"
카드_기말재고_YOY,101%,288%,216%,173%,156%,147%,229%,207%,184%,188%,199%,183%,117%,100%,104%,99%,95%,90%,88%
카드_인원수_값,26,29,29,28,27,26,27,27,26,26,26,26,26,26,27,27,25,25,25
카드_인원수_정규직,21,24,24,23,22,21,22,22,21,21,21,21,21,21,22,22,20,20,19
카드_인원수_계약직,5,5,5,5,5,5,5,5,5,5,5,5,5,5,5,5,5,5,6
카드_인원수_전년비교,29,30,29,29,28,28,29,29,29,27,27,28,26,29,29,29,27,26,27
카드_인원수_YOY,90%,97%,100%,97%,96%,93%,93%,93%,90%,96%,"96% 정규21,계약5","92% 정규21,계약5","100% 정규21,계약5","90% 정규21,계약5","93% 정규22,계약5","93% 정규22,계약5","93% 정규20,계약5","96% 정규20,계약5","93% 정규19, 계약 6"
카드_인원수_인당인건비_값,12,9,10,10,11,11,13,11,11,11,10,13,12,12,10,11,11,11,11
카드_인원수_인당인건비_YOY,130%,129%,110%,116%,117%,149%,113%,116%,111%,95%,85%,92%,84%,109%,101%,107%,93%,93%,96%
카드_인원수_인당매출액_값,51,43,63,58,63,65,60,59,65,74,116,272,47,41,45,50,69,53,55
카드_인원수_인당매출액_YOY,93%,81%,99%,86%,93%,131%,146%,98%,109%,120%,165%,334%,91%,95%,73%,89%,111%,82%,110%
카드_인원수_인당영업비_값,24,18,24,20,20,24,23,22,21,25,20,22,22,19,14,26,18,28,22
카드_인원수_인당영업비_YOY,144%,114%,257%,110%,99%,147%,97%,106%,104%,101%,77%,62%,91%,106%,61%,134%,90%,117%,96%
차트_채널별매출추세_US홀세일,89,178,274,210,73,37,63,166,172,202,34,17,6,108,113,132,79,47,122
차트_채널별매출추세_US홀세일_YOY,36%,60%,84%,65%,43%,65%,71%,42%,44%,115%,85%,64%,6%,61%,41%,63%,109%,127%,194%
차트_채널별매출추세_USEC,"1,069",957,"1,373","1,267","1,489","1,559","1,386","1,226","1,396","1,615","2,839","3,327","1,154",934,"1,032","1,022","1,578","1,218","1,167"
차트_채널별매출추세_USEC_YOY,93%,88%,107%,95%,113%,135%,160%,110%,129%,129%,174%,170%,108%,98%,75%,81%,106%,78%,84%
차트_채널별매출추세_EUEC,90,65,87,94,83,69,87,42,30,48,54,70,53,25,25,32%,32,35,26
차트_채널별매출추세_EUEC_YOY,60%,53%,52%,46%,47%,53%,70%,36%,18%,32%,34%,40%,60%,39%,29%,34%,39%,51%,30%
차트_채널별매출추세_라이선스,89,46,83,62,51,34,96,52,92,70,77,121,0,0,47,182%,0,44,57
차트_채널별매출추세_라이선스_YOY,156%,81%,146%,59%,92%,61%,80%,50%,100%,70%,125%,107%,0%,0%,48%,294%,0%,129%,59%
차트_채널별매출추세_TOTAL_YOY,83%,78%,99%,83%,90%,122%,136%,92%,98%,115%,159%,155%,91%,86%,67%,84%,99%,79%,84%
차트_아이템별매출추세_26FW,-,-,-,-,-,-,-,-,-,-,-,-,-,-,-,-,-,-,37
차트_아이템별매출추세_26FW_YOY,-,-,-,-,-,-,-,-,-,-,-,-,-,-,-,-,-,-,58%
차트_아이템별매출추세_과시즌,862,704,718,472,338,263,486,257,213,221,203,21,104,47,54,44,58,27,46
차트_아이템별매출추세_과시즌_YOY,135%,108%,130%,106%,102%,212%,382%,263%,417%,373%,381%,15%,548%,317%,386%,81%,1095%,661%,325%
차트_아이템별매출추세_26SS,0,0,0,0,0,0,0,0,0,0,0,0,52,331,414,510,719,754,693
차트_아이템별매출추세_26SS_YOY,0%,0%,0%,0%,0%,0%,0%,0%,0%,0%,0%,0%,26%,82%,48%,50%,60%,56%,75%
차트_아이템별매출추세_25FW,0,0,0,0,0,0,154,287,421,617,"1,305","1,690",704,533,559,456,574,313,293
차트_아이템별매출추세_25FW_YOY,0%,0%,0%,0%,0%,0%,74%,40%,45%,67%,110%,160%,89%,93%,85%,122%,203%,152%,67%
차트_아이템별매출추세_25SS,201,403,921,"1,002","1,219","1,306",871,797,814,842,"1,054",800,350,126,107,149,287,176,229
차트_아이템별매출추세_25SS_YOY,48%,86%,185%,202%,355%,565%,501%,458%,468%,206%,309%,869%,192%,81%,173%,234%,386%,269%,360%
차트_아이템별매출추세_FW과시즌,791,654,656,406,266,199,424,212,152,180,174,2,88,41,46,38,51,23,24
차트_아이템별매출추세_FW과시즌_YOY,131%,107%,130%,104%,87%,171%,347%,258%,316%,383%,371%,674%,629%,458%,511%,139%,1066%,598%,332%
차트_아이템별매출추세_SS과시즌,71,50,62,66,72,64,62,45,61,41,29,19,16,6,8,6,7,4,22
차트_아이템별매출추세_SS과시즌_YOY,204%,127%,136%,122%,290%,811%,1199%,287%,2019%,336%,454%,14%,320%,102%,160%,22%,1363%,1688%,311%
차트_아이템별매출추세_CORE,274,138,178,158,139,130,120,145,241,185,364,711,54,33,36,25,57,27,17
차트_아이템별매출추세_CORE_YOY,629%,143%,44%,26%,17%,14%,25%,59%,259%,94%,155%,266%,57%,51%,60%,53%,108%,55%,44%
차트_아이템별매출추세_TOTAL_YOY,81%,80%,98%,84%,99%,124%,142%,88%,98%,118%,160%,158%,91%,86%,68%,84%,85,78%,84%
차트_아이템별재고추세_25FW,0,0,126,125,149,449,"7,933","15,436","20,417","19,602","17,107","13,830","12,868","15,112","14,028","13,177","12,617","11,061","10,804"
차트_아이템별재고추세_25SS,"7,720","21,488","22,527","24,170","22,438","20,385","18,866","17,108","15,435","13,194","9,610","6,770","5,547","5,185","5,068","4,734","3,988","3,240","2,326"
차트_아이템별재고추세_26FW,-,-,-,-,-,-,-,-,-,-,-,-,-,-,-,-,-,-,"5,419"
차트_아이템별재고추세_26FW_YOY,-,-,-,-,-,-,-,-,-,-,-,-,-,-,-,-,-,-,68%
차트_아이템별재고추세_과시즌,"10,742","8,444","7,820","7,354","6,677","6,146","4,985","3,957","3,030","2,788","2,246","1,498","1,053","1,280","1,133","1,017",688,744,"1,588"
차트_아이템별재고추세_과시즌_YOY,120%,140%,173%,215%,281%,313%,260%,270%,264%,245%,187%,173%,150%,200%,181%,169%,119%,135%,306%
차트_아이템별재고추세_26SS,,,,,,,,,,,,,"1,096","9,626","13,041","12,675","11,708","10,309","9,149"
차트_아이템별재고추세_26SS_YOY,,,,,,,,,,,,,14%,45%,58%,52%,52%,51%,48%
차트_아이템별재고추세_FW과시즌,"9,507","7,523","6,929","6,122","5,605","5,206","4,206","3,309","2,489","2,406","1,831","1,221",849,"1,072",952,862,579,624,
차트_아이템별재고추세_SS과시즌,"1,235",921,891,"1,232","1,072",940,779,648,541,382,415,277,204,208,181,155,109,120,
차트_아이템별재고추세_CORE,"1,596","2,048","2,034","2,187","2,125","2,058","2,216","2,602","3,844","3,193",2113,"1,033",584,637,610,635,812,713,602
차트_아이템별재고추세_25FW_YOY,0%,0%,0%,0%,0%,632%,75%,113%,154%,150%,154%,187%,169%,201%,202%,300%,219%,196%,257%
차트_아이템별재고추세_25SS_YOY,87%,156%,187%,238%,268%,302%,328%,395%,446%,494%,409%,295%,75%,563%,569%,409%,371%,345%,299%
차트_아이템별재고추세_FW과시즌_YOY,122%,135%,183%,191%,250%,282%,249%,248%,241%,235%,171%,157%,138%,192%,172%,161%,111%,125%,
차트_아이템별재고추세_SS과시즌_YOY,110%,210%,121%,561%,794%,806%,344%,491%,463%,338%,324%,322%,237%,259%,251%,236%,188%,235%,
차트_아이템별재고추세_CORE_YOY,84%,187%,255%,330%,414%,505%,290%,454%,254%,253%,162%,104%,65%,45%,43%,40%,53%,48%,35%
차트_아이템별재고추세_TOTAL_YOY,101%,288%,216%,173%,156%,147%,229%,207%,184%,188%,199%,183%,117%,100%,104%,99%,95%,90%,87%
팝업_재고소진계획_26FW_3월,,,-,-,-,-,-,-,-,-,-,-,-,-,-,-,-,-,"5,419"
팝업_재고소진계획_과시즌_3월,,,"6,823","6,544","5,984","5,542","4,545","3,602","3,109","2,572","2,246","1,498","1,053","1,280","1,133","1,017",688,744,"1,588"
팝업_재고소진계획_fw25_3월,,,126,125,149,449,"7,933","15,436","20,417","19,602","17,107","13,830","12,868","15,112","14,028","13,177","12,617","11,061","10,804"
팝업_재고소진계획_ss25_3월,,,"22,527","24,170","22,346","20,321","18,817","17,072","15,439","13,172","9,610","6,770","5,547","5,185","5,068","4,734","3,988","3,240","2,326"
팝업_재고소진계획_FW과시즌_3월,,,"5,936","5,320","4,920","4,615","3,781","2,964","2,601","2,197","1,831","1,221",849,"1,072",952,862,579,624,
팝업_재고소진계획_SS과시즌_3월,,,887,"1,224","1,064",927,764,638,508,375,415,277,204,208,181,155,109,120,
팝업_재고소진계획_CORE_3월,,,"1,406","1,585","1,546","1,500","1,697","2,082","2,880","3,430","2,113","1,033",584,637,610,635,812,713,602
팝업_재고소진계획_26SS_3월,,,0,0,0,0,0,0,0,0,0,0,"1,096","9,626","13,041","12,675","11,708","10,309","9,149"
팝업_재고소진계획_테이블_3월,,,"30,882","32,423","30,025","27,812","32,991","38,192","41,844","38,777","31,076","23,133","21,148","31,839","33,880","32,238","29,813","26,067","30,352"
